0x0e09fabb73bd3ade0a17ecc321fd13a19e81ce82,Cake
0x8c851d1a123ff703bd1f9dabe631b69902df5f97,BNX
0x8076c74c5e3f5852037f31ff0093eeb8c8add8d3,SAFEMOON
0x1ae369a6ab222aff166325b7b87eb9af06c86e57,10SET
0xc748673057861a797275cd8a068abb95a902e8de,BabyDoge
0x42981d0bfbaf196529376ee702f2a9eb9092fcb5,SFM
0xd41fdb03ba84762dd66a0af1a6c8540ff1ba5dfb,SFP
0x8fff93e810a2edaafc326edee51071da9d398e83,BRISE
0x3203c9e46ca618c8c1ce5dc67e7e9d75f5da2377,MBOX
0x42f6f551ae042cbe50c739158b4f0cac0edb9096,NRV
0xaec945e04baf28b135fa7c640f624f8d90f1c3a6,C98
0x965f527d9159dce6288a2219db51fc6eef120dd1,BSW
0x12bb890508c125661e03b09ec06e404bc9289040,RACA
0xaf3287cae99c982586c07401c0d911bf7de6cd82,H2O
0xcf6bb5389c92bdda8a3747ddb454cb7a64626c63,XVS
0x477bc8d23c634c154061869478bce96be6045d12,SFUND
0x8094e772fa4a60bdeb1dfec56ab040e17dd608d5,KODA
0xd74b782e05aa25c50e7330af541d46e18f36661c,QUACK
0xc001bbe2b87079294c63ece98bdd0a88d761434e,EGC
0x475bfaa1848591ae0e6ab69600f48d828f61a80e,DOME
0x78650b139471520656b9e7aa7a5e9276814a38e9,BTCST
0x631c2f0edabac799f07550aee4ff0bf7fd35212b,PLT
0xfc3da4a1b6fadab364039525dd2ab7c0c16521cd,AMA
0x89db9b433fec1307d3dc8908f2813e9f7a1d38f0,U
0x8f0528ce5ef7b51152a59745befdd91d97091d2f,ALPACA
0xe02df9e3e622debdd69fb838bb799e3f168902c5,BAKE
0x77d547256a2cd95f32f67ae0313e450ac200648d,LAZIO
0x89af13a10b32f1b2f8d1588f93027f69b6f4e27e,GAFI
0x6cf271270662be1c4fc1b7bb7d7d7fc60cc19125,KUNCI
0x0b15ddf19d47e6a86a56148fb4afffc6929bcb89,IDIA
0x4e6415a5727ea08aae4580057187923aec331227,FINE
0xd40bedb44c081d2935eeba6ef5a3c8a31a1bbe13,HERO
0xe6df05ce8c8301223373cf5b969afcb1498c5528,KOGE
0x0782b6d8c4551b9760e74c0545a9bcd90bdc41e5,HAY
0xa64455a4553c9034236734faddaddbb64ace4cc7,SANTOS
0x287880ea252b52b63cc5f40a2d3e5a44aa665a76,ALPINE
0xca3f508b8e4dd382ee878a314789373d80a5190a,BIFI
0xa7f552078dcc247c2684336020c03648500c6d9f,EPS
0x0409633a72d846fc5bbe2f98d88564d35987904d,PHB
0xacfc95585d80ab62f67a14c566c1b7a49fe91167,FEG
0x138218c8e064ed2a011c9ff203759a8a1e23e6c8,MINTME
0xa184088a740c695e156f91f5cc086a06bb78b827,AUTO
0xa77d560e34bd6a8d7265f754b4fcd65d9a8e5619,AMA
0x4bd17003473389a42daf6a0a729f6fdb328bbbd7,VAI
0x602ba546a7b06e0fc7f58fd27eb6996ecc824689,PINKSALE
0x1633b7157e7638c4d6593436111bf125ee74703f,SPS
0x84b174628911896a3b87fa6980d05dbc2ee74836,wZNN
0x20de22029ab63cf9a7cf5feb2b737ca1ee4c82a6,CHESS
0xae9269f27437f0fcbc232d39ec814844a51d6b8f,BURGER
0x9f589e3eabe42ebc94a44727b3f3531c0c877809,TKO
0xe4fae3faa8300810c835970b9187c268f55d998f,CATE
0xc17c30e98541188614df99239cabd40280810ca3,RISE
0x7ad7242a99f21aa543f9650a56d141c57e4f6081,JADE
0xeb34de0c4b2955ce0ff1526cdf735c9e6d249d09,GBYTE
0xfea292e5ea4510881bdb840e3cec63abd43f936f,COPI
0x8b303d5bbfbbf46f1a4d9741e491e06986894e18,WOOP
0x78f5d389f5cdccfc41594abab4b0ed02f31398b3,APX
0xbdc3b3639f7aa19e623a4d603a3fb7ab20115a91,COC
0x603c7f932ed1fc6575303d8fb018fdcbb0f39a95,BANANA
0x56156fb7860d7eb0b4b1a5356c5354b295194a45,SPRT
0x1bdd3cf7f79cfb8edbb955f20ad99211551ba275,BNBx
0xd32d01a43c869edcd1117c640fbdcfcfd97d9d65,NMX
0x1236a887ef31b4d32e1f0a2b5e4531f52cec7e75,GAMI
0x07e551e31a793e20dc18494ff6b03095a8f8ee36,QMALL
0xf2c96e402c9199682d5ded26d3771c6b192c01af,SCLP
0xb897d0a0f68800f8be7d69ffdd1c24b69f57bf3e,XEP
0x8a5d7fcd4c90421d21d30fcc4435948ac3618b2f,MONSTA
0x5a3010d4d8d3b5fb49f8b6e57fb9e48063f16700,BSCPAD
0x19cd9b8e42d4ef62c3ea124110d5cfd283ceac43,IBAT
0x211ffbe424b90e25a15531ca322adf1559779e45,BUX
0x4b8285ab433d8f69cb48d5ad62b415ed1a221e4f,MCRT
0x734548a9e43d2d564600b1b2ed5be9c2b911c6ab,PEEL
0xb6adb74efb5801160ff749b1985fd3bd5000e938,GZONE
0xaa9e582e5751d703f85912903bacaddfed26484c,HAI
0x520ebccc63e4d0804b35cda25978beb7159bf0cc,LEGO
0xfebe8c1ed424dbf688551d4e2267e7a53698f0aa,VINU
0x6679eb24f59dfe111864aec72b443d1da666b360,ARV
0x6f3aaf802f57d045efdd2ac9c06d8879305542af,XPX
0x16fdd1edb14ac4012395a0617a682d81595db486,VEED
0x7ae5709c585ccfb3e61ff312ec632c21a5f03f70,DogeDash
0xadcfc6bf853a0a8ad7f9ff4244140d10cf01363c,TPAD
0xa03110800894b3ccf8723d991d80875561f96777,BGVT
0x014a087b646bd90e7dcead3993f49eb1f4b5f30a,GULF
0xc0924edefb2c0c303de2d0c21bff07ab763163b5,SteamX
0x6067490d05f3cf2fdffc0e353b1f5fd6e5ccdf70,MMPRO
0x82030cdbd9e4b7c5bb0b811a61da6360d69449cc,FEVR
0x8263cd1601fe73c066bf49cc09841f35348e3be0,ALU
0xd7c5d2a3b7868e6dd539e145c98a565f29ef3fa4,WEGRO
0x9abdba20edfba06b782126b4d8d72a5853918fd0,TABOO
0xad6742a35fb341a9cc6ad674738dd8da98b94fb1,WOM
0xeb84be66c8e71f07ea57cf3b21626d7784f32a7f,OMAX
0xe43b00b078463ca246d285be1254767da0003cc8,MCT
0x6a0b66710567b6beb81a71f7e9466450a91a384b,PEX
0x9029fdfae9a03135846381c7ce16595c3554e10a,OOE
0x72b7d61e8fc8cf971960dd9cfa59b8c829d91991,AQUA
0x799e1cf88a236e42b4a87c544a22a94ae95a6910,MCONTENT
0x9ab70e92319f0b9127df78868fd3655fb9f1e322,WWY
0x5b6bf0c7f989de824677cfbd507d9635965e9cd3,GMM
0xb8e3bb633f7276cc17735d86154e0ad5ec9928c0,VLXPAD
0x2e01a3df69e387e769cc0429f697fd207c02e2f0,LOV